{"cameraMode":{"drawMode":0,"name":"Shaded","section":"Shading Mode"},"sceneLighting":true,"audioPlay":false,"sceneViewState":{"m_AlwaysRefresh":false,"showFog":true,"showSkybox":true,"showFlares":true,"showImageEffects":true,"showParticleSystems":true,"showVisualEffectGraphs":true,"m_FxEnabled":true},"in2DMode":false,"pivot":{"x":-1.1805332899093629,"y":-0.2141251564025879,"z":-0.17631582915782929},"rotation":{"x":0.05768783763051033,"y":-0.7637342810630798,"z":0.0689222514629364,"w":0.6392439603805542},"size":0.7087404131889343,"orthographic":false}