{"cameraMode":{"drawMode":0,"name":"Shaded","section":"Shading Mode"},"sceneLighting":true,"audioPlay":false,"sceneViewState":{"m_AlwaysRefresh":false,"showFog":true,"showSkybox":true,"showFlares":true,"showImageEffects":true,"showParticleSystems":true,"showVisualEffectGraphs":true,"m_FxEnabled":true},"in2DMode":false,"pivot":{"x":-0.13770651817321778,"y":-0.24625754356384278,"z":-1.4048750400543213},"rotation":{"x":-0.13430845737457276,"y":0.8441610336303711,"z":-0.24897800385951997,"w":-0.4553733170032501},"size":0.33961668610572817,"orthographic":false}